{"cpu_time_ms":0,"gc_time_ms":0,"real_time_ms":0,"result":[["#t",0.0029934492413055437],["#f",0.9970065507586944]]}