{"cpu_time_ms":0,"gc_time_ms":0,"real_time_ms":0,"recursive-calls":9,"result":[["#t",0.015817223198594025],["#f",0.984182776801406]],"total-size":4}